<?xml version="1.0" encoding="UTF-8"?>
<modification>
	<id>Admin Category Filter</id>
	<version>2.0</version>
	<vqmver>2.1.5</vqmver>
	<author>wetutorial.com</author>


    <file name="admin/view/template/catalog/product_list.tpl" error="log">
		<operation error="skip">
			<search position="after" index="1" ><![CDATA[$header]]></search>
                <add><![CDATA[
                
                <style>
              
                input[name=filter_quantity] {
                    width:60px;
                }
                .ajax-edit input.quantity {
                    width:56px;
                }
                .ajax-edit input.price {
                    width:73px;
                }
                select[name=filter_manufacturer] {
                    width:100px;
                }
                .manufacturer-column .ajax-edit select {
                    width:95px;
                }
                #category_filter_column {
                  width:150px;
                }
                input[name=filter_model] {
                  width:80px;
                }
                input[name=filter_upc] {
                  width:60px;
                }
                select[name=filter_status] {
                  width:60px;
                }
                </style>
		
                
            ]]></add>
		</operation>
        
        <!-- header row -->
        <operation>
           
            <search position="before"><![CDATA[p.model]]></search>
            <add><![CDATA[
                <td class="left category-column"><?php echo $column_category; ?></td>
                
                <td class="left manufacturer-column"><?php if ($sort == 'm.name') { ?>
                <a href="<?php echo $sort_manufacturer; ?>" class="<?php echo strtolower($order); ?>"><?php echo $column_manufacturer; ?></a>
                <?php } else { ?>
                <a href="<?php echo $sort_manufacturer; ?>"><?php echo $column_manufacturer; ?></a>
                <?php } ?></td>
                
                <td class="left upc-column"><?php if ($sort == 'p.upc') { ?>
                <a href="<?php echo $sort_upc; ?>" class="<?php echo strtolower($order); ?>"><?php echo $column_upc; ?></a>
                <?php } else { ?>
                <a href="<?php echo $sort_upc; ?>"><?php echo $column_upc; ?></a>
                <?php } ?></td>

            ]]></add>
        </operation>
                                
        <!-- filter row -->
        <operation>
            <!--search position="before"><![CDATA[<td><input type="text" name="filter_model" value="<?php echo $filter_model; ?>" /></td>]]></search-->
            <search position="before"><![CDATA[name="filter_model"]]></search>
            <add><![CDATA[
                <td class="category-column"><select name="filter_category_id" id="category_filter_column" >
                    <option value="">&nbsp;</option>
                    <?php foreach($categories as $c) { ?>
                    <option value="<?php echo $c['category_id']?>" <?php echo ($c['category_id'] == $filter_category_id ? 'selected' : '') ?>><?php echo $c['name'] ?></option>
                    <?php } ?>
                 </select></td>
                
                <td class="manufacturer-column"><select name="filter_manufacturer">
                    <option value="">&nbsp;</option>
                    <?php foreach($manufacturers as $m) { ?>
                    <option value="<?php echo $m['manufacturer_id']?>" <?php echo ($m['manufacturer_id'] == $filter_manufacturer ? 'selected' : '') ?>><?php echo $m['name'] ?></option>
                    <?php } ?>
                 </select></td>
                
                <td class="upc-column"><input type="text"  name="filter_upc" value="<?php echo $filter_upc; ?>" /></td>
            ]]></add>
        </operation>
        <!-- data row -->
        <operation>
            <!--search position="before"><![CDATA[<td class="left"><?php echo $product['model']; ?></td>]]></search-->
            <search position="before"><![CDATA[echo $product['model']]]></search>
            <add><![CDATA[
                <td class="category-column" style="padding:2px;" nowrap="nowrap" >
                    <span>
                    <?php $found = false; ?>
                    <?php foreach ($categories as $category) { ?>
                        <?php if(in_array($category['category_id'],$product['categories'])) { ?>
                            <?php $found = true ?>
                            <div><?php echo $category['name']; ?></div>
                        <?php } ?>
                    <?php } ?>
                    <?php if(!$found) {; ?>- - -<?php } ?>
                    </span>                
                </td>

                <!-- manufacturer -->
                <td class="manufacturer-column">
                    <span><?php echo $product['manufacturer_name'];  ?></span>
                </td>
                
                <td class="left upc-column">
                <span><?php echo ($product['upc'] ? $product['upc'] : ''); ?></span> 
                </td>
                
            ]]></add>
        </operation>                
        
        <!-- category button: show/hide -->
	<operation>
	    <search position="replace" ><![CDATA[<?php echo $heading_title; ?></h1>]]></search>
	       <add><![CDATA[         
                 <?php echo $heading_title; ?>:&nbsp;
                 <select name="filter_category_id_head" id="category_filter_head" onchange="$('#category_filter_column').val($(this).val());filter();">
                    <option value="">&nbsp;</option>
                    <?php foreach($categories as $c) { ?>
                    <option value="<?php echo $c['category_id']?>" <?php echo ($c['category_id'] == $filter_category_id ? 'selected' : '') ?>><?php echo $c['name'] ?></option>
                    <?php } ?>
                 </select>         
                 </h1>
                 <input type="hidden" id="show_category_column" value="<?php echo $show_category_column ?>" />
                 <div title="<?php echo $column_category;  ?>" id="show_category_column_button" style="float:left;height:35px;width:24px;cursor:pointer;background:url('view/image/category.png') no-repeat center bottom" ></div>
                 <input type="hidden" id="show_manufacturer_column" value="<?php echo $show_manufacturer_column ?>" />
                 <div title="<?php echo $column_manufacturer;  ?>" id="show_manufacturer_column_button" style="float:left;height:35px;width:24px;cursor:pointer;background:url('view/image/product.png') no-repeat center bottom" ></div>
                 <input type="hidden" id="show_upc_column" value="<?php echo $show_upc_column ?>" />
                 <div title="<?php echo $column_upc;  ?>"id="show_upc_column_button" style="float:left;height:35px;width:24px;cursor:pointer;background:url('view/image/feed.png') no-repeat center bottom" ></div>
            ]]></add>
        </operation>
        
        <!-- insert category parameter in url -->
        <operation>
	  <search position="before" index="1"><![CDATA[var filter_name]]></search>
	    <add><![CDATA[
                var show_category_column = $('#show_category_column').attr('value');
                if(show_category_column) {
                    url += '&show_category_column=' + encodeURIComponent(show_category_column);
                }

                var show_manufacturer_column = $('#show_manufacturer_column').attr('value');
                if(show_manufacturer_column) {
                    url += '&show_manufacturer_column=' + encodeURIComponent(show_manufacturer_column);
                }

                var show_upc_column = $('#show_upc_column').attr('value');
                if(show_upc_column) {
                    url += '&show_upc_column=' + encodeURIComponent(show_upc_column);
                }
                                
                var filter_category_id = $('select[name=\'filter_category_id\']').attr('value');
                if (filter_category_id) {
                    url += '&filter_category_id=' + encodeURIComponent(filter_category_id);
                }
                

                var filter_manufacturer = $('select[name=\'filter_manufacturer\']').attr('value');
                if (filter_manufacturer) {
                    url += '&filter_manufacturer=' + encodeURIComponent(filter_manufacturer);
                }

                var filter_upc = $('input[name=\'filter_upc\']').attr('value');	
                if (filter_upc) {
                    url += '&filter_upc=' + encodeURIComponent(filter_upc);
                }
            ]]></add>
      </operation>
	
      
      
     
	<operation error="skip">
			<search position="replace" index="1"><![CDATA[<td class="left"><?php echo $product['name']; ?></td>]]></search>
			<add><![CDATA[
                <?php /* <td class="left"><?php echo $product['name']; ?></td> */ ?>         
                <td class="left">
                <?php 
                foreach ($languages as $language) { ?>
                   <div class="product-name-lang">
                      <span id="product-name-lang-<?php echo $language['language_id']; ?>"><?php echo $product_description[$product['product_id']][$language['language_id']]['name']; ?></span>
                      &nbsp;<img src="view/image/flags/<?php echo $language['image']; ?>" title="<?php echo $language['name']; ?>" /> 
                      </br>
                      <?php //echo $product['name']; ?>
                   </div>
                <?php } ?>
                </td>
                ]]></add>
		</operation>
        
		<operation error="abort">
			<search position="after" index="1" ><![CDATA[<script type="text/javascript"><!--]]></search>
			<add><![CDATA[
                              

                    $(document).ready(function() {
                        <?php if(!$show_category_column) {?>$('.category-column').hide();<?php } ?>
                        <?php if(!$show_manufacturer_column) {?>$('.manufacturer-column').hide();<?php } ?>
                        <?php if(!$show_upc_column) {?>$('.upc-column').hide();<?php } ?>     
                                       
                        $('#show_category_column_button').click(function() {                        
                            var show_category_column = $('#show_category_column ').attr('value');
                            
                            if(show_category_column == '1') {
                                $('#show_category_column ').attr('value','0');
                                $('.category-column').fadeOut();
                            }                        
                            else {
                                $('#show_category_column ').attr('value','1');
                                $('.category-column').fadeIn();
                            }                                                    
                        });                        

                        $('#show_manufacturer_column_button').click(function() {                        
                            var show_manufacturer_column = $('#show_manufacturer_column ').attr('value');
                            
                            if(show_manufacturer_column == '1') {
                                $('#show_manufacturer_column ').attr('value','0');
                                $('.manufacturer-column').fadeOut();
                            }                        
                            else {
                                $('#show_manufacturer_column ').attr('value','1');
                                $('.manufacturer-column').fadeIn();
                            }                                                    
                        });                        

                        $('#show_upc_column_button').click(function() {                        
                            var show_upc_column = $('#show_upc_column ').attr('value');
                            
                            if(show_upc_column == '1') {
                                $('#show_upc_column ').attr('value','0');
                                $('.upc-column').fadeOut();
                            }                        
                            else {
                                $('#show_upc_column ').attr('value','1');
                                $('.upc-column').fadeIn();
                            }                                                    
                        });                        
                                                
                    });

                
            ]]></add>
		</operation>
	</file>

    <file name="admin/controller/catalog/product.php" error="log">        
        <operation error="abort">
			<search position="after" index="1" ><![CDATA[$special = $product_special['price'];]]></search>
			<add><![CDATA[ 
                $special_id = $product_special['product_special_id'];
            ]]></add>
        </operation>
        <operation error="abort">
			<search position="before" index="1" ><![CDATA[$this->data['sort_name']]]></search>
			<add><![CDATA[ 
                $this->data['sort_manufacturer'] = $this->url->link('catalog/product', 'token=' . $this->session->data['token'] . '&sort=m.name' . $url, 'SSL');
                $this->data['sort_upc'] = $this->url->link('catalog/product', 'token=' . $this->session->data['token'] . '&sort=p.upc' . $url, 'SSL');]]>
            </add>
        </operation>
        <operation error="abort">
			<search position="before" index="1" ><![CDATA[$this->data['products'][] = array(]]></search>
			<add><![CDATA[ 
                $manufacturer = $this->model_catalog_manufacturer->getManufacturer($result['manufacturer_id']);
            ]]></add>
        </operation>
        <operation error="abort">
			<search position="after" index="1" ><![CDATA[$this->data['products'][] = array(]]></search>
			<add><![CDATA[ 
               'categories' => $this->model_catalog_product->getProductCategories($result['product_id']),
               'manufacturer_name' => $manufacturer ? $manufacturer['name'] : '- - -',
               'manufacturer_id' => $result['manufacturer_id'],
               'upc' => $result['upc'],
            ]]></add>
        </operation>
        <operation error="abort">
			<search position="after" index="1" ><![CDATA[$this->data['filter_model'] = $filter_model;]]></search>
			<add><![CDATA[ 
               $this->data['filter_upc'] = $filter_upc;
            ]]></add>
        </operation>

		<operation>
			<!--search position="before" ><![CDATA[if (isset($this->request->get['filter_name'])) {]]></search-->
            <search position="after" ><![CDATA[$url = '';]]></search>
			<add><![CDATA[
                if (isset($this->request->get['show_category_column'])) {
                    $url .= '&show_category_column =' . $this->request->get['show_category_column'];
                }
                if (isset($this->request->get['show_manufacturer_column'])) {
                    $url .= '&show_manufacturer_column =' . $this->request->get['show_manufacturer_column'];
                }
                if (isset($this->request->get['show_upc_column'])) {
                    $url .= '&show_upc_column =' . $this->request->get['show_upc_column'];
                }
                
		if (isset($this->request->get['filter_category_id'])) {
			$url .= '&filter_category_id=' . $this->request->get['filter_category_id'];
		}
		if (isset($this->request->get['filter_manufacturer'])) {
			$url .= '&filter_manufacturer=' . $this->request->get['filter_manufacturer'];
		}
		if (isset($this->request->get['filter_upc'])) {
		    $url .= '&filter_upc=' . urlencode(html_entity_decode($this->request->get['filter_upc'], ENT_QUOTES, 'UTF-8'));
		}]]>
            </add>
	  </operation>
		<operation>
			<search position="after" index="1"><![CDATA[function getList() {]]></search>
			<add><![CDATA[
                $this->load->model('catalog/manufacturer');
                $this->load->model('catalog/category');

//  category column
                if (isset($this->request->get['show_category_column'])) {
                    $show_category_column = $this->request->get['show_category_column'];
                } else {
                    $show_category_column = $this->config->get('config_column_category');
                }

                $this->data['show_category_column'] = $show_category_column;
                if (isset($this->request->get['filter_category_id'])) {
                    $filter_category_id = $this->request->get['filter_category_id'];
                } else {
                    $filter_category_id = null;
                }

// manufacturer column
                if (isset($this->request->get['show_manufacturer_column'])) {
                    $show_manufacturer_column = $this->request->get['show_manufacturer_column'];
                } else {
                    $show_manufacturer_column = $this->config->get('config_column_manufacturer');
                }

                $this->data['show_manufacturer_column'] = $show_manufacturer_column;
                if (isset($this->request->get['filter_manufacturer_id'])) {
                    $filter_manufacturer_id = $this->request->get['filter_manufacturer_id'];
                } else {
                    $filter_manufacturer_id = null;
                }

// upc column
                if (isset($this->request->get['show_upc_column'])) {
                    $show_upc_column = $this->request->get['show_upc_column'];
                } else {
                    $show_upc_column = $this->config->get('config_column_upc');
                }

                $this->data['show_upc_column'] = $show_upc_column;
                if (isset($this->request->get['filter_upc_id'])) {
                    $filter_upc_id = $this->request->get['filter_upc_id'];
                } else {
                    $filter_upc_id = null;
                }

                if (isset($this->request->get['filter_manufacturer'])) {
                    $filter_manufacturer = $this->request->get['filter_manufacturer'];
                } else {
                    $filter_manufacturer = null;
                }

		if (isset($this->request->get['filter_upc'])) {
			$filter_upc = $this->request->get['filter_upc'];
		} else {
			$filter_upc = null;
		}

                $url = '';
            ]]></add>
		</operation>
		<operation>
			<search position="after" index="1"><![CDATA[$this->data['column_name'] = $this->language->get('column_name');]]></search>
			<add><![CDATA[
            $this->data['column_category'] = substr($this->language->get('entry_category'),0,strpos($this->language->get('entry_category').':',':'));
            $this->data['column_manufacturer'] = substr($this->language->get('entry_manufacturer'),0,strpos($this->language->get('entry_manufacturer').':',':'));
            $this->data['column_upc'] = substr($this->language->get('entry_upc'),0,strpos($this->language->get('entry_upc').':',':'));        
            ]]></add>
		</operation>
		<operation>
			<search position="before" index="1"><![CDATA[$this->model_catalog_product->getTotalProducts($data)]]></search>
			<add><![CDATA[
                $data['filter_manufacturer'] = $filter_manufacturer;
                $data['filter_category_id'] = $filter_category_id;
                $data['filter_upc'] = $filter_upc;
			]]></add>
		</operation>
		<operation>
			<search position="after" index="1"><![CDATA[$this->data['pagination'] = $pagination->render();]]></search>
			<add><![CDATA[
            $this->data['categories'] = $this->model_catalog_category->getCategories(0);
            $this->data['filter_category_id'] = $filter_category_id;
            $this->data['filter_manufacturer'] = $filter_manufacturer;
            $this->data['filter_upc'] = $filter_upc;
                
            $this->data['manufacturers'] = $this->model_catalog_manufacturer->getManufacturers(array('sort' =>'name'));

			]]></add>
		</operation>

                       
        <operation error="skip">1
			<search position="before" index="1" ><![CDATA[$this->data['column_status'] = $this->language->get('column_status');]]></search>
			<add><![CDATA[
                $this->data['column_upc'] = 'UPC';]]>
            </add>
        </operation>
       
       
        <operation error="abort">
			<search position="after" index="1" ><![CDATA[$product_specials = $this->model_catalog_product->getProductSpecials($result['product_id']);]]></search>
			<add><![CDATA[ 
                $this->load->model('localisation/language');
                $this->data['languages'] = $this->model_localisation_language->getLanguages();
                $this->load->model('catalog/product');
                $product_id = $result['product_id'];
                $this->data['product_description'][$product_id] = $this->model_catalog_product->getProductDescriptions($result['product_id']);
            ]]></add>
        </operation>
    </file>

    <file name="admin/model/catalog/product.php" error="log">
	<operation error="skip">
			<search position="before" ><![CDATA[if (!empty($data['filter_model'])) {]]></search>
			<add><![CDATA[
		        if (!empty($data['filter_upc'])) {
			        $sql .= " AND LCASE(p.upc) LIKE '" . $this->db->escape(utf8_strtolower($data['filter_upc'])) . "%'";
		        }
              ]]></add>
        </operation>

        <operation error="abort">
	    <search position="before" index="1" ><![CDATA[public function editProduct($product_id, $data) {]]></search>
		<add><![CDATA[
	            public function getProductNames($product_id) {
		            $product_names = array();		
		            $query = $this->db->query("SELECT language_id,name FROM " . DB_PREFIX . "product_description WHERE product_id = '" . (int)$product_id . "'");
		
		            foreach ($query->rows as $result) {
			            $product_names[$result['language_id']] = $result['name'];
		            }		
		            return $product_names;
	            }

            ]]></add>
        </operation>
        <operation error="skip">
			<search position="before" ><![CDATA[if (!empty($data['filter_name'])) {]]></search>
			<add><![CDATA[
			if (!empty($data['filter_manufacturer'])) {
				$sql .= " AND p.manufacturer_id = '" . (int)$data['filter_manufacturer'] . "'";
			}
            if (!empty($data['filter_category_id'])) {
				$sql .= " AND p2c.category_id = '" . (int)$data['filter_category_id'] . "'";
			}
            if (!empty($data['filter_upc'])) {
				$sql .= " AND p.upc = '" . $data['filter_upc'] . "'";
			}
            ]]></add>
        </operation>
     
        <operation error="skip">
			<search position="after" ><![CDATA[$sort_data = array(]]></search>
			<add><![CDATA['m.name','p.model','p.upc',]]>
            </add>
        </operation>

    </file>
    
    <file name="admin/view/template/setting/setting.tpl" error="skip">
        <operation error="skip">
			<search position="after" index="4">
                <![CDATA[<table class="form">]]>
            </search>
			<add><![CDATA[
             <tr>
              <td><?php echo $entry_column_category; ?></td>
              <td><?php if ($config_column_category) { ?>
                <input type="radio" name="config_column_category" value="1" checked="checked" />
                <?php echo $text_yes; ?>
                <input type="radio" name="config_column_category" value="0" />
                <?php echo $text_no; ?>
                <?php } else { ?>
                <input type="radio" name="config_column_category" value="1" />
                <?php echo $text_yes; ?>
                <input type="radio" name="config_column_category" value="0" checked="checked" />
                <?php echo $text_no; ?>
                <?php } ?></td>
             </tr>
            <tr>
              <td><?php echo $entry_column_manufacturer; ?></td>
              <td><?php if ($config_column_manufacturer) { ?>
                <input type="radio" name="config_column_manufacturer" value="1" checked="checked" />
                <?php echo $text_yes; ?>
                <input type="radio" name="config_column_manufacturer" value="0" />
                <?php echo $text_no; ?>
                <?php } else { ?>
                <input type="radio" name="config_column_manufacturer" value="1" />
                <?php echo $text_yes; ?>
                <input type="radio" name="config_column_manufacturer" value="0" checked="checked" />
                <?php echo $text_no; ?>
                <?php } ?></td>
             </tr>
            <tr>
              <td><?php echo $entry_column_upc; ?></td>
              <td><?php if ($config_column_upc) { ?>
                <input type="radio" name="config_column_upc" value="1" checked="checked" />
                <?php echo $text_yes; ?>
                <input type="radio" name="config_column_upc" value="0" />
                <?php echo $text_no; ?>
                <?php } else { ?>
                <input type="radio" name="config_column_upc" value="1" />
                <?php echo $text_yes; ?>
                <input type="radio" name="config_column_upc" value="0" checked="checked" />
                <?php echo $text_no; ?>
                <?php } ?></td>
             </tr>                                
            ]]>
            </add>
        </operation>
    </file>
    
    <file name="admin/controller/setting/setting.php" error="log">
        <operation error="skip">
			<search position="before" index="1" >entry_google_analytics</search>
			<add><![CDATA[
                $this->data['entry_column_category'] = $this->language->get('entry_column_category');
                $this->data['entry_column_manufacturer'] = $this->language->get('entry_column_manufacturer');
                $this->data['entry_column_upc'] = $this->language->get('entry_column_upc');
            ]]>
            </add>
        </operation>
        <operation error="skip">
			<search position="before" index="1" >config_google_analytics</search>
			<add><![CDATA[
            if (isset($this->request->post['config_column_category'])) {
                $this->data['config_column_category'] = $this->request->post['config_column_category']; 
            } else {
                $this->data['config_column_category'] = ($this->config->get('config_column_category') != null ? $this->config->get('config_column_category') : 1);
            }          
            if (isset($this->request->post['config_column_manufacturer'])) {
                $this->data['config_column_manufacturer'] = $this->request->post['config_column_manufacturer']; 
            } else {
                $this->data['config_column_manufacturer'] = ($this->config->get('config_column_manufacturer') != null ? $this->config->get('config_column_manufacturer') : 1);
            }  
            if (isset($this->request->post['config_column_upc'])) {
                $this->data['config_column_upc'] = $this->request->post['config_column_upc']; 
            } else {
                $this->data['config_column_upc'] = $this->config->get('config_column_upc') != null ? $this->config->get('config_column_upc') : 1;
            }  
            ]]>
            </add>
        </operation>     
    </file>
    
    <file name="admin/language/english/setting/setting.php" error="log">
        <operation error="skip">
			<search position="before" index="1" >entry_google_analytics</search>
			<add><![CDATA[
                $_['entry_column_category'] = 'Show Category Column:<br /><span>Show or Hide the category column in product list</span>';
                $_['entry_column_manufacturer'] = 'Show Manufacturer Column:<br /><span>Show or Hide the manufacturer column in product list</span>';
                $_['entry_column_upc'] = 'Show UPC Column:<br /><span>Show or Hide the UPC column in product list</span>';               
            ]]>
            </add>
        </operation>
    </file>
    

    
</modification>

