<modification>
  <id>Advanced Menu V3 - vqmod for opencart V1.5.4 or greater</id>
  <version>1.1.0</version>
  <vqmver>2.3</vqmver>
  <author>www.ocmodules.com</author>
  <file name="catalog/view/theme/*/template/module/supercategorymenu/templates/*.tpl">
    <operation>
      <search position="after">
        <![CDATA[<?php if ($menu) { ?>]]>
      </search>
      <add>
        <![CDATA[<?php if($loader){ ?>
          <div id="results_loader"><div id="menu-overlay" style=""></div><div id="menu-loading"><img src="<?php echo $loader_image; ?>"></div></div>
          <?php } ?>]]>
      </add>
    </operation>
    <operation error="skip">
      <search position="replace">
        <![CDATA[<!!!!!! INSERT JAVASCRIPT VQMOD !!!!!!!!!!!>]]>
      </search>
      <add>
        <![CDATA[<script type="text/javascript">
          var ajaxManager = $.manageAjax.create('cacheQueue', { queue: true, cacheResponse: true });	
          function Ajaxmenu(filter){    
          <?php if ($loader){ ?>
          $('#results_loader').show();
          <?php } ?>
          ajaxManager.add({ 
          success:showResponseMenu,  // post-submit callback 
          url: 'index.php?route=module/supercategorymenuadvanced/&a=1',
          data: filter,
          type: "GET",
          cache: true
          });
          ajaxManager.add({ 
          success:showResponsedatos,  // post-submit callback 
          url: 'index.php?route=product/asearch/&a=1',
          data: filter,
          type: "GET",
          cache: true
          });
          };
          var ajaxManager2 = $.manageAjax.create('cacheQueue', { queue: true, cacheResponse: true });	
          function Ajaxmenup(filter){        
          ajaxManager2.add({ 
          success:showResponsedatos,  // post-submit callback 
          url: 'index.php?route=product/asearch/&a=1', 
          data: filter,
          type: "GET",
          cache: true
          });
          };
          function showResponseMenu(responseText, statusText, xhr)  { 
          $('#menuscm').fadeOut('slow', function(){
          $('#menuscm').fadeOut('slow');
          $("#menuscm").replaceWith(responseText).fadeIn(<?php echo (int)$speedmenu; ?>);
          });
          }
          function showResponsedatos(responseText, statusText, xhr)  { 
          $('#content').fadeOut('slow', function(){
          $('#content').fadeOut('slow');
          $("#content").replaceWith(responseText).fadeIn(<?php echo (int)$speedresults; ?>, function() {
          
          $('body,html').animate({scrollTop: 150}, 800);
          });
          });
          <?php if ($loader){ ?>
          $('#results_loader').remove();
          <?php } ?>
          
          }
          $(document).delegate("select.smenu", "change", function(){
          var jThis = $("option:selected", this), dnd, gapush, ajax_url;
          dnd=jThis.metadata().dnd;
          gapush=jThis.metadata().gapush;
          ajax_url=jThis.metadata().ajaxurl;
          if (gapush!="no"){
          var gas_val=gapush.split('@@@@@')	
          _gaq.push(['_trackEvent','SCM', gas_val[0],gas_val[1]])
          }
          <?php if ($is_ajax){ ?> 
          
          if (history.pushState) {
          History.pushState(null,ajax_url, dnd);
          }else{
          Ajaxmenu(ajax_url);
          }
          <?php }else{ ?>
          window.location.href = dnd;
          <?php } ?>
          return false;
          });
          $(document).delegate("a.smenu", "click", function(){
          var jThis = $(this), dnd, gapush, ajax_url;
          dnd=jThis.metadata().dnd; 
          gapush=jThis.metadata().gapush;
          ajax_url=jThis.metadata().ajaxurl;
          if (gapush!="no"){
          var gas_val=gapush.split('@@@@@')	
          _gaq.push(['_trackEvent','SCM', gas_val[0],gas_val[1]])
          }
          <?php if ($is_ajax){ ?> 
          if (history.pushState) {
          History.pushState(null,ajax_url, dnd);
          }else{
          Ajaxmenu(ajax_url);
          }
          <?php }else{ ?>
          window.location.href = dnd;
          <?php } ?>
          return false;
          });
          <?php if ($see_more_trigger){ ?>
          $('a.all_filters').trigger('click');
          <?php } ?>
          
          
          <?php if ($option_tip){ ?>
          $('img.picker').tipsy({gravity: 's', fade: true}); // Added for Displaying Title of Adv. Layered Menu Images
          <?php } ?>
          
          // Init tooltip
          $("img.extra_info").tooltip({
          delay: 0, 
          showURL: false,
          bodyHandler: function() {
          var whattip=$(this).metadata({type: "attr", name: "data"}).tip;
          return $(whattip).html();
          
          }
          });
          
          </script>]]>
      </add>
    </operation>
    <operation error="skip">
      <search position="replace">
        <![CDATA[<!!!!!! INSERT JAVASCRIPT VQMOD HORIZONTAL!!!!!!!!!!!>]]>
      </search>
      <add>
        <![CDATA[<script type="text/javascript">
          var ajaxManager = $.manageAjax.create('cacheQueue', { queue: true, cacheResponse: true });	
          function Ajaxmenu(filter){    
          <?php if ($loader){ ?>
          $('#results_loader').show();
          <?php } ?>
          ajaxManager.add({ 
          success:showResponsedatos,  // post-submit callback 
          url: 'index.php?route=product/asearch/&a=1',
          data: filter,
          type: "GET",
          cache: true
          });
          };
          var ajaxManager2 = $.manageAjax.create('cacheQueue', { queue: true, cacheResponse: true });	
          function Ajaxmenup(filter){        
          ajaxManager2.add({ 
          success:showResponsedatos,  // post-submit callback 
          url: 'index.php?route=product/asearch/&a=1', 
          data: filter,
          type: "GET",
          cache: true
          });
          };
          
          function showResponsedatos(responseText, statusText, xhr)  { 
          $('#content').fadeOut('slow', function(){
          $('#content').fadeOut('slow');
          $("#content").replaceWith(responseText).fadeIn(<?php echo (int)$speedresults; ?>, function() {
          
          $('body,html').animate({scrollTop: 150}, 800);
          });
          });
          <?php if ($loader){ ?>
          $('#results_loader').remove();
          <?php } ?>
          
          }
          $(document).delegate("select.smenu", "change", function(){
          var jThis = $("option:selected", this), dnd, gapush, ajax_url;
          dnd=jThis.metadata().dnd;
          gapush=jThis.metadata().gapush;
          ajax_url=jThis.metadata().ajaxurl;
          if (gapush!="no"){
          var gas_val=gapush.split('@@@@@')	
          _gaq.push(['_trackEvent','SCM', gas_val[0],gas_val[1]])
          }
          <?php if ($is_ajax){ ?> 
          
          if (history.pushState) {
          History.pushState(null,ajax_url, dnd);
          }else{
          Ajaxmenu(ajax_url);
          }
          <?php }else{ ?>
          window.location.href = dnd;
          <?php } ?>
          return false;
          });
          $(document).delegate("a.smenu", "click", function(){
          var jThis = $(this), dnd, gapush, ajax_url;
          dnd=jThis.metadata().dnd; 
          gapush=jThis.metadata().gapush;
          ajax_url=jThis.metadata().ajaxurl;
          if (gapush!="no"){
          var gas_val=gapush.split('@@@@@')	
          _gaq.push(['_trackEvent','SCM', gas_val[0],gas_val[1]])
          }
          <?php if ($is_ajax){ ?> 
          if (history.pushState) {
          History.pushState(null,ajax_url, dnd);
          }else{
          Ajaxmenu(ajax_url);
          }
          <?php }else{ ?>
          window.location.href = dnd;
          <?php } ?>
          return false;
          });
          <?php if ($see_more_trigger){ ?>
          $('a.all_filters').trigger('click');
          <?php } ?>
          
          
          <?php if ($option_tip){ ?>
          $('img.picker').tipsy({gravity: 's', fade: true}); // Added for Displaying Title of Adv. Layered Menu Images
          <?php } ?>
          
          // Init tooltip
          $("img.extra_info").tooltip({
          delay: 0, 
          showURL: false,
          bodyHandler: function() {
          var whattip=$(this).metadata({type: "attr", name: "data"}).tip;
          return $(whattip).html();
          
          }
          });
          
          </script>]]>
      </add>
    </operation>
  </file>
  <file name="catalog/controller/common/seo_url.php">
    <operation>
      <search position="after" index="1">
        <![CDATA[} elseif (isset($this->request->get['path'])) {]]>
      </search>
      <add>
        <![CDATA[//FULL lAYERED MENU WITH SEO
          
          if(isset($this->request->get['dnd'])){
          
          $this->request->get['route'] = 'module/supercategorymenuadvancedseemore';
          
          }elseif (isset($this->request->get['filter']) or isset($this->request->get['PRICERANGE']) or $this->request->get['path']==0){
          $this->request->get['route'] = 'product/asearch';
          
          }else{]]>
      </add>
    </operation>
    <operation>
      <search position="after" index="1">
        <![CDATA[$this->request->get['route'] = 'product/category';]]>
      </search>
      <add>
        <![CDATA[}]]>
      </add>
    </operation>
    <operation>
      <search position="after" index="1">
        <![CDATA[} elseif (isset($this->request->get['manufacturer_id'])) {]]>
      </search>
      <add>
        <![CDATA[//FULL lAYERED MENU WITH SEO
          
          if(isset($this->request->get['dnd'])){
          
          $this->request->get['route'] = 'module/supercategorymenuadvancedseemore';
          
          }elseif (isset($this->request->get['filter']) or isset($this->request->get['PRICERANGE']) or $this->request->get['manufacturer_id']==0){
          $this->request->get['route'] = 'product/asearch';
          
          }else{]]>
      </add>
    </operation>
    <operation>
      <search position="after" index="1">
        <![CDATA[$this->request->get['route'] = 'product/manufacturer/info';]]>
      </search>
      <add>
        <![CDATA[}]]>
      </add>
    </operation>
	
	
	   <operation>
      <search position="replace" index="1">
        <![CDATA[if (($data['route'] == 'product/product' && $key == 'product_id') || (($data['route'] == 'product/manufacturer/info' || $data['route'] == 'product/product') && $key == 'manufacturer_id') || ($data['route'] == 'information/information' && $key == 'information_id')) {]]>
      </search>
      <add>
        <![CDATA[
		if (($data['route'] == 'product/product' && $key == 'product_id') || (($data['route'] == 'product/manufacturer/info' || $data['route'] == 'product/product') && $key == 'manufacturer_id') || ($data['route'] == 'information/information' && $key == 'information_id') || ($data['route'] == 'product/asearch' && $key == 'manufacturer_id')) {]]>
      </add>
    </operation>
	
	
  </file>
  <file name="catalog/controller/product/category.php">
    <operation>
      <search position="after" index="1">
        <![CDATA['common/content_top',]]>
      </search>
      <add>
        <![CDATA['common/content_filter',]]>
      </add>
    </operation>
  </file>
  <file name="catalog/view/theme/*/template/product/category.tpl">
    <operation>
      <search position="before" index="1">
        <![CDATA[<?php if ($categories) { ?>]]>
      </search>
      <add>
        <![CDATA[<?php echo $content_filter; ?>]]>
      </add>
    </operation>
  </file>
</modification>
