<modification>
	<id>Add google analytics ecommerce tracking code</id>
	<version>2.2 for OpenCart 1.5.0.x - 1.5.6.x</version>
	<vqmver>2.x</vqmver>
	<author>support@extensadev.com</author>

	<file name="catalog/controller/product/product.php">
		<operation>
			<search position="after"><![CDATA[
				$product_info = $this->model_catalog_product->getProduct($product_id);
			]]></search>
			<add><![CDATA[
				$categories = $this->model_catalog_product->getCategories($product_info['product_id']);
				if ($categories){
				$categories_info = $this->model_catalog_category->getCategory($categories[0]['category_id']);
				$this->data['category_id'] = $categories[1]['category_id'];
				}
			]]></add>
		</operation>
	</file>

	<file name="catalog/view/theme/*/template/product/product.tpl">
		<operation>
			<search position="replace"><![CDATA['http://footlounge.in/index.php?route=information/information&information_id=7#<?php echo $manufacturer; ?>'
			]]></search>
<add><![CDATA[<?php $categories = array(153,84,214); if (in_array($category_id, $categories)) {?>'http://footlounge.in/index.php?route=information/information&information_id=13#<?php echo $manufacturer; ?>'
					<?php } else{ ?>'http://footlounge.in/index.php?route=information/information&information_id=7#<?php echo $manufacturer; ?>'
					<?php } ?>
				
			]]></add>
		</operation>
	</file>

	
</modification>