<?xml version="1.0" encoding="UTF-8"?>
<modification>
	<id><![CDATA[Return request mail]]></id>
	<version><![CDATA[1.0]]></version>
	<vqmver><![CDATA[2.x]]></vqmver>
	<author><![CDATA[koku]]></author>

<file name="catalog/language/english/account/return.php" error="log">
	<operation error="skip">
	<search position="after"><![CDATA[// Text]]></search>
	<add><![CDATA[
$_['text_new_subject']        = '%s - Return Request';
$_['text_new_received']       = 'You have received a return request. Below are the details:';
$_['text_new_firstname']      = 'Firstname:';
$_['text_new_lastname']       = 'Lastname:';
$_['text_new_email']          = 'E-mail:';
$_['text_new_telephone']      = 'Telephone:';
$_['text_new_orderid']        = 'Order ID:';
$_['text_new_dateordered']    = 'Date Ordered:';
$_['text_new_productname']    = 'Product Name:';
$_['text_new_productcode']    = 'Product Code:';
$_['text_new_quantity']       = 'Quantity:';
$_['text_new_reason']         = 'Reason:';
$_['text_new_opened']         = 'Opened:';
$_['text_new_comments']       = 'Comments:';
$_['text_new_yes']            = 'Yes';
$_['text_new_no']             = 'No';
$_['text_customer_received']  = 'We have received your return request. Below are the details:';
	]]></add>
	</operation>
</file>


<file name="catalog/model/account/return.php" error="log">
	<operation error="skip">
	<search position="after" offset="1"><![CDATA[public function addReturn($data) {]]></search>
	<add><![CDATA[
			$this->language->load('account/return');

			$reason = $this->db->query("SELECT name FROM " . DB_PREFIX . "return_reason WHERE return_reason_id = '" . (int)$data['return_reason_id'] . "' AND language_id = '" . (int)$this->config->get('config_language_id') . "'");

			// mail to store admin

			$subject = sprintf($this->language->get('text_new_subject'), html_entity_decode($this->config->get('config_name'), ENT_QUOTES, 'UTF-8'));
	
			// Text 
			$text  = $this->language->get('text_new_received') . "\n\n";
			$text .= $this->language->get('text_new_firstname') . ' ' . $data['firstname'] . "\n";
			$text .= $this->language->get('text_new_lastname') . ' ' . $data['lastname'] . "\n";
			$text .= $this->language->get('text_new_email') . ' ' . $data['email'] . "\n";
			$text .= $this->language->get('text_new_telephone') . ' ' . $data['telephone'] . "\n";
			$text .= $this->language->get('text_new_orderid') . ' ' . $data['order_id'] . "\n";
			$text .= $this->language->get('text_new_dateordered') . ' ' . $data['date_ordered'] . "\n";
			$text .= $this->language->get('text_new_productname') . ' ' . $data['product'] . "\n";
			$text .= $this->language->get('text_new_productcode') . ' ' . $data['model'] . "\n";
			$text .= $this->language->get('text_new_quantity') . ' ' . $data['quantity'] . "\n";
			$text .= $this->language->get('text_new_reason') . ' ' . $reason->row['name'] . "\n";
			$text .= $this->language->get('text_new_opened') . ' ' . ($data['opened']==0 ? $this->language->get('text_new_no') : $this->language->get('text_new_yes')) . "\n";
			$text .= $this->language->get('text_new_comments') . ' ' . $data['comment'] . "\n";
			
			$mail = new Mail();
			$mail->protocol = $this->config->get('config_mail_protocol');
			$mail->parameter = $this->config->get('config_mail_parameter');
			$mail->hostname = $this->config->get('config_smtp_host');
			$mail->username = $this->config->get('config_smtp_username');
			$mail->password = $this->config->get('config_smtp_password');
			$mail->port = $this->config->get('config_smtp_port');
			$mail->timeout = $this->config->get('config_smtp_timeout');
			$mail->setTo($this->config->get('config_email'));
			$mail->setFrom($this->config->get('config_email'));
			$mail->setSender($this->config->get('config_name'));
			$mail->setSubject(html_entity_decode($subject, ENT_QUOTES, 'UTF-8'));
			$mail->setText(html_entity_decode($text, ENT_QUOTES, 'UTF-8'));
			$mail->send();

			// mail to customer

			$subject = sprintf($this->language->get('text_new_subject'), html_entity_decode($this->config->get('config_name'), ENT_QUOTES, 'UTF-8'));
	
			// Text 
			$text  = $this->language->get('text_customer_received') . "\n\n";
			$text .= $this->language->get('text_new_firstname') . ' ' . $data['firstname'] . "\n";
			$text .= $this->language->get('text_new_lastname') . ' ' . $data['lastname'] . "\n";
			$text .= $this->language->get('text_new_email') . ' ' . $data['email'] . "\n";
			$text .= $this->language->get('text_new_telephone') . ' ' . $data['telephone'] . "\n";
			$text .= $this->language->get('text_new_orderid') . ' ' . $data['order_id'] . "\n";
			$text .= $this->language->get('text_new_dateordered') . ' ' . $data['date_ordered'] . "\n";
			$text .= $this->language->get('text_new_productname') . ' ' . $data['product'] . "\n";
			$text .= $this->language->get('text_new_productcode') . ' ' . $data['model'] . "\n";
			$text .= $this->language->get('text_new_quantity') . ' ' . $data['quantity'] . "\n";
			$text .= $this->language->get('text_new_reason') . ' ' . $reason->row['name'] . "\n";
			$text .= $this->language->get('text_new_opened') . ' ' . ($data['opened']==0 ? $this->language->get('text_new_no') : $this->language->get('text_new_yes')) . "\n";
			$text .= $this->language->get('text_new_comments') . ' ' . $data['comment'] . "\n";
			
			$mail = new Mail();
			$mail->protocol = $this->config->get('config_mail_protocol');
			$mail->parameter = $this->config->get('config_mail_parameter');
			$mail->hostname = $this->config->get('config_smtp_host');
			$mail->username = $this->config->get('config_smtp_username');
			$mail->password = $this->config->get('config_smtp_password');
			$mail->port = $this->config->get('config_smtp_port');
			$mail->timeout = $this->config->get('config_smtp_timeout');
			$mail->setTo($data['email']);
			$mail->setFrom($this->config->get('config_email'));
			$mail->setSender($this->config->get('config_name'));
			$mail->setSubject(html_entity_decode($subject, ENT_QUOTES, 'UTF-8'));
			$mail->setText(html_entity_decode($text, ENT_QUOTES, 'UTF-8'));
			$mail->send();
	]]></add>
	</operation>
</file>

</modification>
